{"stats":{"minecraft:picked_up":{"minecraft:shulker_shell":6,"minecraft:iron_chestplate":2,"minecraft:wheat":7,"minecraft:chainmail_boots":1,"minecraft:light_gray_shulker_box":2,"minecraft:stone_slab":4,"minecraft:lead":6,"minecraft:diamond_sword":2,"minecraft:oak_stairs":251,"minecraft:enchanted_book":9,"minecraft:potion":3,"minecraft:gilded_blackstone":3,"minecraft:brewing_stand":2,"minecraft:music_disc_cat":2,"minecraft:polished_blackstone_brick_stairs":1,"minecraft:string":40,"minecraft:soul_soil":4,"minecraft:iron_leggings":2,"minecraft:netherite_ingot":5,"minecraft:diamond_leggings":1,"minecraft:gold_nugget":219,"minecraft:cobbled_deepslate":856,"minecraft:bucket":2,"minecraft:spruce_planks":2,"minecraft:cobblestone_slab":2,"minecraft:ender_eye":9,"minecraft:netherite_upgrade_smithing_template":7,"minecraft:iron_pickaxe":2,"minecraft:iron_boots":2,"minecraft:furnace":8,"minecraft:stick":782,"minecraft:oak_fence":31,"minecraft:torch":47,"minecraft:purpur_pillar":2,"minecraft:porkchop":8,"minecraft:netherite_shovel":1,"minecraft:golden_axe":2,"minecraft:diorite":13,"minecraft:music_disc_pigstep":2,"minecraft:warped_planks":145,"minecraft:rotten_flesh":113,"minecraft:iron_block":2,"minecraft:carved_pumpkin":1,"minecraft:netherite_chestplate":2,"minecraft:blaze_rod":215,"minecraft:obsidian":32,"minecraft:cobblestone":1193,"minecraft:enchanting_table":1,"minecraft:feather":42,"minecraft:cooked_beef":5,"minecraft:iron_door":20,"minecraft:andesite":39,"minecraft:water_bucket":2,"minecraft:jungle_log":4155,"minecraft:potato":41,"minecraft:flint":479,"minecraft:tuff":9,"minecraft:netherite_leggings":2,"minecraft:lapis_lazuli":1188,"minecraft:dirt":11042,"minecraft:lantern":2,"minecraft:twisting_vines":106,"minecraft:bone":127,"minecraft:bow":9,"minecraft:wheat_seeds":96,"minecraft:raw_gold":32,"minecraft:cobbled_deepslate_slab":4,"minecraft:bell":6,"minecraft:grindstone":1,"minecraft:diamond_helmet":2,"minecraft:netherite_axe":1,"minecraft:mossy_stone_bricks":6,"minecraft:glowstone_dust":15,"minecraft:stone_hoe":1,"minecraft:oak_planks":568,"minecraft:cooked_porkchop":390,"minecraft:warped_wart_block":1,"minecraft:oak_pressure_plate":1,"minecraft:jungle_planks":248,"minecraft:grass_block":2,"minecraft:dark_oak_log":1926,"minecraft:barrel":2,"minecraft:shulker_box":4,"minecraft:mossy_cobblestone":78,"minecraft:sugar":10,"minecraft:snout_armor_trim_smithing_template":1,"minecraft:yellow_carpet":4,"minecraft:diamond":14,"minecraft:netherite_helmet":2,"minecraft:cracked_polished_blackstone_bricks":23,"minecraft:crossbow":8,"minecraft:granite":21,"minecraft:golden_apple":19,"minecraft:bread":4,"minecraft:emerald":164,"minecraft:oak_sapling":93,"minecraft:netherrack":3493,"minecraft:bricks":2,"minecraft:crimson_roots":6,"minecraft:diamond_pickaxe":3,"minecraft:fishing_rod":2,"minecraft:crafting_table":3,"minecraft:azure_bluet":4,"minecraft:ominous_bottle":2,"minecraft:ladder":10,"minecraft:nether_wart":10,"minecraft:diamond_horse_armor":1,"minecraft:shield":2,"minecraft:cornflower":7,"minecraft:oak_trapdoor":10,"minecraft:elytra":1,"minecraft:iron_axe":20,"minecraft:flint_and_steel":1,"minecraft:white_carpet":4,"minecraft:iron_shovel":1,"minecraft:blackstone":97,"minecraft:cracked_stone_bricks":4,"minecraft:cartography_table":1,"minecraft:netherite_sword":1,"minecraft:beef":8,"minecraft:oak_boat":7,"minecraft:jungle_sapling":515,"minecraft:poppy":43,"minecraft:spruce_slab":8,"minecraft:lectern":1,"minecraft:blue_shulker_box":1,"minecraft:sugar_cane":161,"minecraft:chest":7,"minecraft:birch_sapling":1,"minecraft:phantom_membrane":1,"minecraft:egg":1,"minecraft:dark_oak_sapling":212,"minecraft:raw_iron":52,"minecraft:end_stone":43,"minecraft:oak_door":26,"minecraft:polished_blackstone_bricks":49,"minecraft:redstone":464,"minecraft:netherite_pickaxe":1,"minecraft:iron_horse_armor":1,"minecraft:diamond_chestplate":2,"minecraft:arrow":683,"minecraft:weeping_vines":1,"minecraft:stone_shovel":1,"minecraft:pumpkin_pie":1,"minecraft:nether_bricks":138,"minecraft:diamond_boots":1,"minecraft:hay_block":71,"minecraft:saddle":9,"minecraft:gold_ingot":38,"minecraft:totem_of_undying":28,"minecraft:mutton":3,"minecraft:rail":34,"minecraft:white_wool":881,"minecraft:bone_block":55,"minecraft:oxeye_daisy":3,"minecraft:stripped_oak_log":4,"minecraft:netherite_boots":2,"minecraft:jungle_boat":11,"minecraft:basalt":472,"minecraft:glow_ink_sac":3,"minecraft:leather":44,"minecraft:oak_log":125,"minecraft:ancient_debris":197,"minecraft:jungle_button":44,"minecraft:gunpowder":59,"minecraft:nether_wart_block":1,"minecraft:yellow_bed":3,"minecraft:cobblestone_wall":3,"minecraft:cobblestone_stairs":27,"minecraft:paper":5,"minecraft:white_banner":35,"minecraft:cooked_mutton":3,"minecraft:gray_carpet":2,"minecraft:apple":21,"minecraft:stone_bricks":13,"minecraft:kelp":319,"minecraft:warped_stem":44,"minecraft:oak_fence_gate":3,"minecraft:iron_ingot":107,"minecraft:cooked_chicken":2,"minecraft:glass_bottle":13,"minecraft:iron_sword":2,"minecraft:soul_sand":1,"minecraft:book":2,"minecraft:sculk_catalyst":1,"minecraft:oak_slab":32,"minecraft:warped_fungus":1,"minecraft:quartz":268,"minecraft:dandelion":24,"minecraft:gravel":169,"minecraft:spider_eye":22,"minecraft:dragon_egg":1,"minecraft:diamond_shovel":2,"minecraft:iron_helmet":2,"minecraft:diamond_axe":2,"minecraft:cherry_sapling":1,"minecraft:warped_roots":9,"minecraft:lodestone":1,"minecraft:baked_potato":1,"minecraft:melon_seeds":3,"minecraft:warped_nylium":28,"minecraft:coal":11,"minecraft:ender_pearl":29,"minecraft:sunflower":72},"minecraft:mined":{"minecraft:spruce_planks":1,"minecraft:oak_sapling":14,"minecraft:cobblestone_stairs":25,"minecraft:jungle_leaves":7,"minecraft:brewing_stand":1,"minecraft:obsidian":26,"minecraft:carved_pumpkin":1,"minecraft:granite":20,"minecraft:grass_block":1474,"minecraft:jungle_log":4,"minecraft:cracked_polished_blackstone_bricks":20,"minecraft:soul_soil":7,"minecraft:nether_wart":10,"minecraft:oxeye_daisy":1,"minecraft:spawner":1,"minecraft:gilded_blackstone":1,"minecraft:tall_seagrass":29,"minecraft:polished_blackstone_bricks":49,"minecraft:weeping_vines_plant":1,"minecraft:magma_block":6,"minecraft:cobbled_deepslate":9,"minecraft:barrel":2,"minecraft:iron_ore":32,"minecraft:fire":37,"minecraft:deepslate_lapis_ore":11,"minecraft:enchanting_table":1,"minecraft:twisting_vines":22,"minecraft:dirt_path":6,"minecraft:oak_stairs":392,"minecraft:iron_block":2,"minecraft:white_banner":2,"minecraft:spruce_slab":3,"minecraft:deepslate_redstone_ore":52,"minecraft:blackstone":81,"minecraft:kelp_plant":302,"minecraft:twisting_vines_plant":32,"minecraft:crimson_nylium":8,"minecraft:torch":5,"minecraft:poppy":1,"minecraft:chest":6,"minecraft:white_stained_glass_pane":10,"minecraft:nether_quartz_ore":128,"minecraft:cobblestone":512,"minecraft:grindstone":1,"minecraft:oak_planks":245,"minecraft:sugar_cane":99,"minecraft:bricks":2,"minecraft:iron_door":20,"minecraft:wall_torch":7,"minecraft:seagrass":4,"minecraft:warped_nylium":4,"minecraft:nether_wart_block":1,"minecraft:warped_planks":1,"minecraft:warped_fungus":1,"minecraft:yellow_stained_glass_pane":10,"minecraft:oak_fence_gate":1,"minecraft:dark_oak_sapling":9,"minecraft:sand":63,"minecraft:dirt":1017,"minecraft:blue_shulker_box":1,"minecraft:netherrack":4123,"minecraft:ancient_debris":27,"minecraft:oak_leaves":5,"minecraft:deepslate":648,"minecraft:nether_gold_ore":76,"minecraft:tuff":10,"minecraft:mossy_cobblestone":74,"minecraft:deepslate_diamond_ore":7,"minecraft:oak_door":20,"minecraft:end_stone":42,"minecraft:shulker_box":3,"minecraft:nether_bricks":116,"minecraft:cobbled_deepslate_slab":3,"minecraft:jungle_planks":174,"minecraft:crimson_roots":2,"minecraft:spruce_leaves":1,"minecraft:cartography_table":1,"minecraft:kelp":34,"minecraft:hay_block":37,"minecraft:oak_trapdoor":10,"minecraft:furnace":8,"minecraft:jungle_sapling":34,"minecraft:light_gray_shulker_box":2,"minecraft:andesite":34,"minecraft:bell":5,"minecraft:deepslate_iron_ore":14,"minecraft:cobblestone_slab":2,"minecraft:vine":38,"minecraft:rail":34,"minecraft:warped_stem":39,"minecraft:stone":440,"minecraft:bone_block":55,"minecraft:oak_slab":22,"minecraft:glass_pane":27,"minecraft:soul_sand":7,"minecraft:basalt":281,"minecraft:dandelion":3,"minecraft:oak_fence":29,"minecraft:crafting_table":3,"minecraft:cornflower":1,"minecraft:short_grass":186,"minecraft:warped_roots":1,"minecraft:purpur_pillar":2,"minecraft:tall_grass":35,"minecraft:deepslate_gold_ore":23,"minecraft:lapis_ore":69,"minecraft:polished_blackstone_brick_stairs":1,"minecraft:sculk":1,"minecraft:diorite":12,"minecraft:warped_wart_block":1,"minecraft:cobblestone_wall":3,"minecraft:birch_leaves":15,"minecraft:yellow_bed":3,"minecraft:coal_ore":20,"minecraft:cherry_leaves":1,"minecraft:sunflower":33,"minecraft:gravel":1016,"minecraft:cracked_stone_bricks":3,"minecraft:stone_bricks":6,"minecraft:mossy_stone_bricks":2},"minecraft:used":{"minecraft:cherry_sapling":1,"minecraft:iron_shovel":207,"minecraft:poppy":18,"minecraft:oak_sign":3,"minecraft:chest":13,"minecraft:shield":139,"minecraft:iron_sword":369,"minecraft:bell":5,"minecraft:soul_sand":1,"minecraft:jungle_planks":201,"minecraft:nether_bricks":113,"minecraft:tuff":5,"minecraft:azure_bluet":2,"minecraft:obsidian":10,"minecraft:jungle_sapling":123,"minecraft:lava_bucket":14,"minecraft:netherite_shovel":3436,"minecraft:grass_block":1618,"minecraft:birch_sapling":1,"minecraft:crimson_roots":3,"minecraft:bedrock":4,"minecraft:bow":194,"minecraft:hay_block":3,"minecraft:ominous_bottle":3,"minecraft:dark_oak_sapling":58,"minecraft:warped_fungus_on_a_stick":4,"minecraft:oak_planks":145,"minecraft:blackstone":21,"minecraft:ender_pearl":9,"minecraft:diamond_axe":127,"minecraft:sugar_cane":2,"minecraft:jungle_boat":6,"minecraft:white_wool":122,"minecraft:golden_apple":14,"minecraft:crossbow":3,"minecraft:netherite_helmet":3,"minecraft:end_stone":40,"minecraft:lectern":1,"minecraft:deepslate":1,"minecraft:gravel":3,"minecraft:golden_helmet":2,"minecraft:diamond_sword":1036,"minecraft:andesite":9,"minecraft:oak_boat":4,"minecraft:bone_meal":48,"minecraft:experience_bottle":64,"minecraft:netherite_sword":550,"minecraft:flint_and_steel":179,"minecraft:carved_pumpkin":10,"minecraft:netherrack":583,"minecraft:light_gray_shulker_box":2,"minecraft:torch":11,"minecraft:dirt":580,"minecraft:anvil":1,"minecraft:white_carpet":1,"minecraft:hopper":1,"minecraft:twisting_vines":22,"minecraft:diamond_helmet":1,"minecraft:shulker_box":3,"minecraft:oak_fence_gate":1,"minecraft:iron_block":34,"minecraft:iron_axe":737,"minecraft:jungle_log":111,"minecraft:iron_boots":1,"minecraft:totem_of_undying":1,"minecraft:basalt":84,"minecraft:netherite_pickaxe":4040,"minecraft:cooked_beef":1,"minecraft:cobbled_deepslate":94,"minecraft:water_bucket":114,"minecraft:glass_bottle":5,"minecraft:polished_blackstone_bricks":41,"minecraft:mossy_cobblestone":2,"minecraft:tnt":305,"minecraft:crafting_table":4,"minecraft:warped_planks":29,"minecraft:ender_eye":20,"minecraft:diamond_pickaxe":2052,"minecraft:oxeye_daisy":1,"minecraft:diamond_shovel":23,"minecraft:sunflower":2,"minecraft:cracked_polished_blackstone_bricks":2,"minecraft:iron_pickaxe":1086,"minecraft:netherite_axe":247,"minecraft:lapis_ore":66,"minecraft:fishing_rod":5,"minecraft:cobblestone":275,"minecraft:cobbled_deepslate_slab":10,"minecraft:white_banner":11,"minecraft:cooked_porkchop":242,"minecraft:bucket":83,"minecraft:yellow_bed":3,"minecraft:stripped_oak_log":1,"minecraft:kelp":31,"minecraft:sculk_catalyst":1},"minecraft:killed_by":{"minecraft:wither_skeleton":1,"minecraft:enderman":1,"minecraft:iron_golem":1,"minecraft:warden":1},"minecraft:crafted":{"minecraft:oak_planks":172,"minecraft:chainmail_helmet":2,"minecraft:diamond_shovel":1,"minecraft:warped_planks":176,"minecraft:diamond_helmet":2,"minecraft:bow":17,"minecraft:diamond_leggings":1,"minecraft:iron_boots":3,"minecraft:chest":3,"minecraft:ender_eye":11,"minecraft:emerald":694,"minecraft:arrow":256,"minecraft:diamond_axe":1,"minecraft:crafting_table":2,"minecraft:gold_block":16,"minecraft:book":1,"minecraft:paper":126,"minecraft:emerald_block":46,"minecraft:shield":4,"minecraft:stick":30798,"minecraft:iron_ingot":49,"minecraft:iron_block":52,"minecraft:gold_ingot":1,"minecraft:light_gray_dye":1,"minecraft:cobbled_deepslate_slab":6,"minecraft:netherite_sword":1,"minecraft:diamond_hoe":1,"minecraft:bone_meal":48,"minecraft:blue_shulker_box":1,"minecraft:flint_and_steel":1,"minecraft:light_gray_shulker_box":1,"minecraft:iron_axe":12,"minecraft:diamond_boots":1,"minecraft:dark_oak_planks":6144,"minecraft:cooked_beef":46,"minecraft:coal_block":21,"minecraft:netherite_pickaxe":1,"minecraft:diamond_sword":1,"minecraft:iron_sword":3,"minecraft:bell":21,"minecraft:bucket":3,"minecraft:enchanted_book":1,"minecraft:air":0,"minecraft:jungle_planks":10188,"minecraft:blue_dye":1,"minecraft:oak_boat":1,"minecraft:warped_fungus_on_a_stick":1,"minecraft:anvil":1,"minecraft:lapis_lazuli":144,"minecraft:lapis_block":124,"minecraft:diamond_chestplate":2},"minecraft:custom":{"minecraft:interact_with_crafting_table":26,"minecraft:open_shulker_box":77,"minecraft:bell_ring":59,"minecraft:leave_game":30,"minecraft:time_since_death":146049,"minecraft:sprint_one_cm":2532948,"minecraft:damage_blocked_by_shield":20437,"minecraft:drop":910,"minecraft:talked_to_villager":175,"minecraft:play_time":849813,"minecraft:deaths":5,"minecraft:jump":22757,"minecraft:interact_with_brewingstand":1,"minecraft:walk_on_water_one_cm":128119,"minecraft:enchant_item":75,"minecraft:interact_with_furnace":30,"minecraft:traded_with_villager":776,"minecraft:sleep_in_bed":11,"minecraft:open_enderchest":6,"minecraft:damage_dealt":161975,"minecraft:crouch_one_cm":215907,"minecraft:horse_one_cm":501,"minecraft:interact_with_smithing_table":9,"minecraft:mob_kills":380,"minecraft:interact_with_anvil":31,"minecraft:inspect_hopper":1,"minecraft:climb_one_cm":12978,"minecraft:walk_one_cm":1577717,"minecraft:damage_dealt_absorbed":29,"minecraft:raid_win":4,"minecraft:strider_one_cm":224556,"minecraft:sneak_time":43721,"minecraft:walk_under_water_one_cm":80554,"minecraft:boat_one_cm":112517,"minecraft:interact_with_blast_furnace":1,"minecraft:total_world_time":849813,"minecraft:raid_trigger":3,"minecraft:interact_with_grindstone":27,"minecraft:time_since_rest":781,"minecraft:damage_taken":23501,"minecraft:damage_absorbed":578,"minecraft:swim_one_cm":284667,"minecraft:fly_one_cm":5823455,"minecraft:open_chest":409,"minecraft:fall_one_cm":756032},"minecraft:killed":{"minecraft:zombified_piglin":2,"minecraft:witch":17,"minecraft:spider":6,"minecraft:shulker":15,"minecraft:skeleton":23,"minecraft:chicken":1,"minecraft:silverfish":1,"minecraft:piglin_brute":3,"minecraft:magma_cube":2,"minecraft:piglin":16,"minecraft:pig":2,"minecraft:zombie_villager":1,"minecraft:iron_golem":9,"minecraft:creeper":7,"minecraft:sheep":4,"minecraft:trader_llama":2,"minecraft:pillager":73,"minecraft:zombie":68,"minecraft:donkey":1,"minecraft:ghast":6,"minecraft:blaze":17,"minecraft:cow":4,"minecraft:evoker":7,"minecraft:vex":3,"minecraft:vindicator":29,"minecraft:horse":2,"minecraft:warden":1,"minecraft:ravager":7,"minecraft:hoglin":7,"minecraft:villager":2,"minecraft:enderman":15},"minecraft:dropped":{"minecraft:blue_shulker_box":1,"minecraft:iron_sword":3,"minecraft:soul_sand":1,"minecraft:porkchop":8,"minecraft:ominous_bottle":1,"minecraft:lapis_lazuli":1,"minecraft:oak_pressure_plate":1,"minecraft:cooked_beef":3,"minecraft:glow_ink_sac":3,"minecraft:oak_log":71,"minecraft:baked_potato":1,"minecraft:diamond":14,"minecraft:ender_pearl":2,"minecraft:glass_bottle":18,"minecraft:crafting_table":1,"minecraft:dark_oak_sapling":83,"minecraft:netherite_upgrade_smithing_template":2,"minecraft:crossbow":7,"minecraft:warped_fungus_on_a_stick":1,"minecraft:weeping_vines":1,"minecraft:warped_roots":1,"minecraft:leather":7,"minecraft:jungle_planks":52,"minecraft:iron_horse_armor":1,"minecraft:cracked_stone_bricks":4,"minecraft:saddle":8,"minecraft:bedrock":1,"minecraft:emerald":71,"minecraft:cobblestone_stairs":27,"minecraft:flint":483,"minecraft:cracked_polished_blackstone_bricks":21,"minecraft:dirt":10970,"minecraft:netherite_scrap":1,"minecraft:dark_oak_log":1453,"minecraft:jungle_button":44,"minecraft:polished_blackstone_brick_stairs":1,"minecraft:cornflower":6,"minecraft:mutton":3,"minecraft:crimson_roots":3,"minecraft:snout_armor_trim_smithing_template":1,"minecraft:gilded_blackstone":3,"minecraft:jungle_sapling":264,"minecraft:pumpkin_pie":1,"minecraft:gold_nugget":216,"minecraft:sunflower":65,"minecraft:phantom_membrane":1,"minecraft:polished_blackstone_bricks":8,"minecraft:sugar":7,"minecraft:dark_oak_planks":128,"minecraft:white_wool":433,"minecraft:fishing_rod":1,"minecraft:gold_ingot":3,"minecraft:bone":127,"minecraft:oak_door":26,"minecraft:gravel":166,"minecraft:blackstone":76,"minecraft:sugar_cane":12,"minecraft:ancient_debris":2,"minecraft:cooked_chicken":2,"minecraft:cobbled_deepslate":699,"minecraft:twisting_vines":96,"minecraft:obsidian":16,"minecraft:rotten_flesh":101,"minecraft:oak_planks":736,"minecraft:diamond_shovel":1,"minecraft:end_stone":1,"minecraft:glowstone_dust":15,"minecraft:cooked_mutton":3,"minecraft:azure_bluet":1,"minecraft:poppy":20,"minecraft:oak_fence_gate":2,"minecraft:gunpowder":59,"minecraft:melon_seeds":3,"minecraft:jungle_log":136,"minecraft:chest":3,"minecraft:chainmail_boots":1,"minecraft:ladder":10,"minecraft:spruce_slab":4,"minecraft:basalt":195,"minecraft:arrow":45,"minecraft:beef":4,"minecraft:warped_wart_block":1,"minecraft:quartz":268,"minecraft:netherrack":2028,"minecraft:enchanted_book":2,"minecraft:egg":1,"minecraft:stone_hoe":1,"minecraft:water_bucket":2,"minecraft:iron_ingot":9,"minecraft:bread":4,"minecraft:oak_slab":30,"minecraft:wheat_seeds":83,"minecraft:mossy_cobblestone":76,"minecraft:feather":42,"minecraft:lead":6,"minecraft:book":2,"minecraft:cobblestone":782,"minecraft:oak_fence":31,"minecraft:golden_axe":2,"minecraft:iron_helmet":1,"minecraft:apple":17,"minecraft:granite":21,"minecraft:music_disc_pigstep":1,"minecraft:grass_block":1,"minecraft:coal":10,"minecraft:chainmail_helmet":2,"minecraft:yellow_carpet":4,"minecraft:stick":1340,"minecraft:lava_bucket":3,"minecraft:diamond_horse_armor":1,"minecraft:iron_block":1,"minecraft:diorite":13,"minecraft:torch":99,"minecraft:lodestone":1,"minecraft:nether_wart_block":1,"minecraft:iron_door":20,"minecraft:potion":3,"minecraft:oak_stairs":256,"minecraft:white_banner":24,"minecraft:iron_axe":30,"minecraft:paper":5,"minecraft:string":40,"minecraft:music_disc_cat":2,"minecraft:bucket":1,"minecraft:gray_carpet":2,"minecraft:dandelion":19,"minecraft:redstone":225,"minecraft:bricks":2,"minecraft:kelp":351,"minecraft:soul_soil":4,"minecraft:oak_trapdoor":10,"minecraft:blaze_rod":6,"minecraft:cobblestone_wall":3,"minecraft:tuff":4,"minecraft:stone_shovel":1,"minecraft:experience_bottle":936,"minecraft:white_carpet":4,"minecraft:iron_boots":3,"minecraft:stripped_oak_log":3,"minecraft:stone_slab":4,"minecraft:nether_bricks":22,"minecraft:totem_of_undying":8,"minecraft:shulker_box":1,"minecraft:flint_and_steel":2,"minecraft:filled_map":1,"minecraft:diamond_sword":1,"minecraft:potato":36,"minecraft:cobblestone_slab":2,"minecraft:diamond_pickaxe":1,"minecraft:spruce_planks":1,"minecraft:dragon_egg":1,"minecraft:iron_chestplate":1,"minecraft:andesite":30,"minecraft:mossy_stone_bricks":6,"minecraft:oak_boat":4,"minecraft:oak_sapling":93,"minecraft:carved_pumpkin":9,"minecraft:stone_bricks":13,"minecraft:spider_eye":22,"minecraft:spruce_log":43,"minecraft:bow":16,"minecraft:raw_gold":21,"minecraft:bell":22}},"DataVersion":3953}