{"stats":{"minecraft:dropped":{"minecraft:blue_shulker_box":1,"minecraft:iron_sword":3,"minecraft:soul_sand":1,"minecraft:porkchop":8,"minecraft:oak_pressure_plate":1,"minecraft:cooked_beef":3,"minecraft:oak_log":66,"minecraft:glow_ink_sac":3,"minecraft:diamond":6,"minecraft:ender_pearl":2,"minecraft:glass_bottle":18,"minecraft:crafting_table":1,"minecraft:dark_oak_sapling":2,"minecraft:crossbow":4,"minecraft:netherite_upgrade_smithing_template":2,"minecraft:warped_fungus_on_a_stick":1,"minecraft:warped_roots":1,"minecraft:leather":7,"minecraft:jungle_planks":34,"minecraft:iron_horse_armor":1,"minecraft:cracked_stone_bricks":4,"minecraft:saddle":4,"minecraft:emerald":71,"minecraft:cobblestone_stairs":27,"minecraft:flint":3,"minecraft:cracked_polished_blackstone_bricks":21,"minecraft:dirt":73,"minecraft:netherite_scrap":1,"minecraft:dark_oak_log":79,"minecraft:jungle_button":44,"minecraft:polished_blackstone_brick_stairs":1,"minecraft:cornflower":6,"minecraft:mutton":3,"minecraft:crimson_roots":2,"minecraft:snout_armor_trim_smithing_template":1,"minecraft:jungle_sapling":213,"minecraft:gilded_blackstone":3,"minecraft:gold_nugget":24,"minecraft:sunflower":22,"minecraft:polished_blackstone_bricks":8,"minecraft:sugar":2,"minecraft:fishing_rod":1,"minecraft:white_wool":3,"minecraft:gold_ingot":3,"minecraft:bone":62,"minecraft:oak_door":26,"minecraft:gravel":57,"minecraft:blackstone":19,"minecraft:sugar_cane":11,"minecraft:ancient_debris":2,"minecraft:cobbled_deepslate":619,"minecraft:twisting_vines":51,"minecraft:obsidian":16,"minecraft:rotten_flesh":98,"minecraft:oak_planks":228,"minecraft:diamond_shovel":1,"minecraft:end_stone":1,"minecraft:glowstone_dust":12,"minecraft:cooked_mutton":3,"minecraft:azure_bluet":1,"minecraft:poppy":20,"minecraft:oak_fence_gate":2,"minecraft:gunpowder":43,"minecraft:melon_seeds":3,"minecraft:jungle_log":64,"minecraft:chest":3,"minecraft:ladder":10,"minecraft:basalt":195,"minecraft:arrow":20,"minecraft:beef":4,"minecraft:warped_wart_block":1,"minecraft:quartz":35,"minecraft:netherrack":179,"minecraft:enchanted_book":1,"minecraft:water_bucket":2,"minecraft:iron_ingot":4,"minecraft:bread":3,"minecraft:oak_slab":18,"minecraft:wheat_seeds":32,"minecraft:mossy_cobblestone":76,"minecraft:lead":6,"minecraft:cobblestone":346,"minecraft:oak_fence":8,"minecraft:iron_helmet":1,"minecraft:apple":4,"minecraft:granite":21,"minecraft:music_disc_pigstep":1,"minecraft:coal":10,"minecraft:chainmail_helmet":2,"minecraft:yellow_carpet":4,"minecraft:stick":382,"minecraft:diamond_horse_armor":1,"minecraft:iron_block":1,"minecraft:diorite":11,"minecraft:torch":90,"minecraft:lodestone":1,"minecraft:nether_wart_block":1,"minecraft:iron_door":20,"minecraft:oak_stairs":256,"minecraft:white_banner":13,"minecraft:iron_axe":30,"minecraft:paper":5,"minecraft:string":29,"minecraft:bucket":1,"minecraft:music_disc_cat":2,"minecraft:dandelion":19,"minecraft:redstone":173,"minecraft:bricks":2,"minecraft:kelp":351,"minecraft:soul_soil":4,"minecraft:oak_trapdoor":10,"minecraft:blaze_rod":6,"minecraft:cobblestone_wall":3,"minecraft:tuff":4,"minecraft:stone_shovel":1,"minecraft:white_carpet":4,"minecraft:iron_boots":3,"minecraft:stripped_oak_log":3,"minecraft:stone_slab":4,"minecraft:nether_bricks":22,"minecraft:totem_of_undying":7,"minecraft:shulker_box":1,"minecraft:filled_map":1,"minecraft:diamond_sword":1,"minecraft:cobblestone_slab":2,"minecraft:diamond_pickaxe":1,"minecraft:dragon_egg":1,"minecraft:iron_chestplate":1,"minecraft:andesite":5,"minecraft:mossy_stone_bricks":6,"minecraft:oak_boat":4,"minecraft:oak_sapling":90,"minecraft:stone_bricks":13,"minecraft:spider_eye":9,"minecraft:bow":16,"minecraft:raw_gold":21,"minecraft:bell":21},"minecraft:picked_up":{"minecraft:shulker_shell":6,"minecraft:iron_chestplate":2,"minecraft:wheat":7,"minecraft:light_gray_shulker_box":2,"minecraft:stone_slab":4,"minecraft:lead":6,"minecraft:diamond_sword":2,"minecraft:oak_stairs":251,"minecraft:enchanted_book":4,"minecraft:gilded_blackstone":3,"minecraft:brewing_stand":2,"minecraft:music_disc_cat":2,"minecraft:polished_blackstone_brick_stairs":1,"minecraft:string":29,"minecraft:soul_soil":4,"minecraft:iron_leggings":2,"minecraft:netherite_ingot":5,"minecraft:diamond_leggings":1,"minecraft:gold_nugget":36,"minecraft:cobbled_deepslate":736,"minecraft:bucket":2,"minecraft:cobblestone_slab":2,"minecraft:ender_eye":9,"minecraft:netherite_upgrade_smithing_template":7,"minecraft:iron_pickaxe":2,"minecraft:iron_boots":2,"minecraft:stick":592,"minecraft:oak_fence":31,"minecraft:torch":46,"minecraft:purpur_pillar":2,"minecraft:porkchop":8,"minecraft:diorite":11,"minecraft:music_disc_pigstep":2,"minecraft:warped_planks":145,"minecraft:rotten_flesh":110,"minecraft:netherite_chestplate":1,"minecraft:blaze_rod":43,"minecraft:obsidian":16,"minecraft:cobblestone":755,"minecraft:cooked_beef":5,"minecraft:iron_door":20,"minecraft:andesite":14,"minecraft:water_bucket":1,"minecraft:jungle_log":3379,"minecraft:potato":5,"minecraft:flint":3,"minecraft:tuff":9,"minecraft:netherite_leggings":1,"minecraft:lapis_lazuli":87,"minecraft:dirt":137,"minecraft:twisting_vines":106,"minecraft:bone":62,"minecraft:bow":8,"minecraft:wheat_seeds":47,"minecraft:raw_gold":32,"minecraft:cobbled_deepslate_slab":4,"minecraft:bell":6,"minecraft:diamond_helmet":2,"minecraft:mossy_stone_bricks":6,"minecraft:glowstone_dust":12,"minecraft:oak_planks":281,"minecraft:cooked_porkchop":111,"minecraft:warped_wart_block":1,"minecraft:oak_pressure_plate":1,"minecraft:jungle_planks":84,"minecraft:grass_block":2,"minecraft:dark_oak_log":421,"minecraft:barrel":2,"minecraft:shulker_box":4,"minecraft:mossy_cobblestone":78,"minecraft:sugar":5,"minecraft:snout_armor_trim_smithing_template":1,"minecraft:yellow_carpet":4,"minecraft:diamond":6,"minecraft:netherite_helmet":1,"minecraft:cracked_polished_blackstone_bricks":21,"minecraft:crossbow":5,"minecraft:granite":21,"minecraft:golden_apple":19,"minecraft:bread":3,"minecraft:emerald":129,"minecraft:oak_sapling":93,"minecraft:netherrack":1556,"minecraft:bricks":2,"minecraft:crimson_roots":4,"minecraft:diamond_pickaxe":3,"minecraft:fishing_rod":2,"minecraft:crafting_table":3,"minecraft:azure_bluet":4,"minecraft:ominous_bottle":1,"minecraft:ladder":10,"minecraft:nether_wart":10,"minecraft:diamond_horse_armor":1,"minecraft:shield":2,"minecraft:cornflower":7,"minecraft:oak_trapdoor":10,"minecraft:elytra":1,"minecraft:iron_axe":20,"minecraft:flint_and_steel":1,"minecraft:white_carpet":4,"minecraft:iron_shovel":1,"minecraft:blackstone":33,"minecraft:cracked_stone_bricks":4,"minecraft:cartography_table":1,"minecraft:beef":8,"minecraft:oak_boat":7,"minecraft:jungle_sapling":463,"minecraft:poppy":30,"minecraft:lectern":1,"minecraft:sugar_cane":85,"minecraft:chest":7,"minecraft:birch_sapling":1,"minecraft:dark_oak_sapling":131,"minecraft:raw_iron":52,"minecraft:end_stone":43,"minecraft:oak_door":26,"minecraft:polished_blackstone_bricks":36,"minecraft:redstone":412,"minecraft:iron_horse_armor":1,"minecraft:diamond_chestplate":2,"minecraft:arrow":656,"minecraft:stone_shovel":1,"minecraft:nether_bricks":138,"minecraft:diamond_boots":1,"minecraft:hay_block":71,"minecraft:saddle":5,"minecraft:gold_ingot":4,"minecraft:totem_of_undying":22,"minecraft:mutton":3,"minecraft:rail":34,"minecraft:white_wool":3,"minecraft:bone_block":55,"minecraft:oxeye_daisy":3,"minecraft:stripped_oak_log":4,"minecraft:netherite_boots":1,"minecraft:jungle_boat":11,"minecraft:basalt":471,"minecraft:glow_ink_sac":3,"minecraft:leather":9,"minecraft:oak_log":125,"minecraft:ancient_debris":1,"minecraft:jungle_button":44,"minecraft:gunpowder":43,"minecraft:nether_wart_block":1,"minecraft:yellow_bed":2,"minecraft:cobblestone_wall":3,"minecraft:cobblestone_stairs":27,"minecraft:paper":5,"minecraft:white_banner":24,"minecraft:cooked_mutton":3,"minecraft:apple":8,"minecraft:stone_bricks":13,"minecraft:kelp":319,"minecraft:warped_stem":44,"minecraft:oak_fence_gate":3,"minecraft:iron_ingot":60,"minecraft:glass_bottle":13,"minecraft:iron_sword":2,"minecraft:soul_sand":1,"minecraft:oak_slab":32,"minecraft:warped_fungus":1,"minecraft:quartz":35,"minecraft:dandelion":24,"minecraft:gravel":57,"minecraft:spider_eye":9,"minecraft:dragon_egg":1,"minecraft:diamond_shovel":2,"minecraft:iron_helmet":2,"minecraft:diamond_axe":2,"minecraft:cherry_sapling":1,"minecraft:warped_roots":9,"minecraft:lodestone":1,"minecraft:melon_seeds":3,"minecraft:warped_nylium":28,"minecraft:coal":10,"minecraft:ender_pearl":29,"minecraft:sunflower":28},"minecraft:killed_by":{"minecraft:wither_skeleton":1,"minecraft:enderman":1,"minecraft:iron_golem":1},"minecraft:crafted":{"minecraft:oak_planks":172,"minecraft:chainmail_helmet":2,"minecraft:diamond_shovel":1,"minecraft:warped_planks":176,"minecraft:diamond_helmet":2,"minecraft:diamond_leggings":1,"minecraft:bow":17,"minecraft:iron_boots":3,"minecraft:chest":3,"minecraft:ender_eye":11,"minecraft:arrow":256,"minecraft:emerald":283,"minecraft:diamond_axe":1,"minecraft:crafting_table":2,"minecraft:book":1,"minecraft:paper":51,"minecraft:shield":4,"minecraft:stick":12362,"minecraft:iron_ingot":49,"minecraft:iron_block":3,"minecraft:gold_ingot":1,"minecraft:light_gray_dye":1,"minecraft:cobbled_deepslate_slab":6,"minecraft:netherite_sword":1,"minecraft:diamond_hoe":1,"minecraft:blue_shulker_box":1,"minecraft:bone_meal":48,"minecraft:flint_and_steel":1,"minecraft:light_gray_shulker_box":1,"minecraft:iron_axe":12,"minecraft:diamond_boots":1,"minecraft:cooked_beef":46,"minecraft:coal_block":2,"minecraft:netherite_pickaxe":1,"minecraft:diamond_sword":1,"minecraft:bell":21,"minecraft:iron_sword":3,"minecraft:enchanted_book":1,"minecraft:air":0,"minecraft:jungle_planks":7116,"minecraft:blue_dye":1,"minecraft:oak_boat":1,"minecraft:warped_fungus_on_a_stick":1,"minecraft:anvil":1,"minecraft:diamond_chestplate":2},"minecraft:used":{"minecraft:cherry_sapling":1,"minecraft:iron_shovel":207,"minecraft:poppy":5,"minecraft:oak_sign":3,"minecraft:chest":9,"minecraft:shield":139,"minecraft:iron_sword":369,"minecraft:bell":4,"minecraft:soul_sand":1,"minecraft:jungle_planks":191,"minecraft:nether_bricks":113,"minecraft:tuff":5,"minecraft:azure_bluet":2,"minecraft:obsidian":10,"minecraft:jungle_sapling":122,"minecraft:lava_bucket":1,"minecraft:grass_block":1587,"minecraft:birch_sapling":1,"minecraft:crimson_roots":2,"minecraft:bow":189,"minecraft:hay_block":3,"minecraft:ominous_bottle":2,"minecraft:dark_oak_sapling":58,"minecraft:warped_fungus_on_a_stick":4,"minecraft:oak_planks":46,"minecraft:blackstone":14,"minecraft:ender_pearl":9,"minecraft:diamond_axe":127,"minecraft:sugar_cane":2,"minecraft:jungle_boat":6,"minecraft:golden_apple":14,"minecraft:end_stone":40,"minecraft:lectern":1,"minecraft:deepslate":1,"minecraft:diamond_sword":1036,"minecraft:andesite":9,"minecraft:oak_boat":4,"minecraft:bone_meal":48,"minecraft:netherite_sword":148,"minecraft:flint_and_steel":1,"minecraft:netherrack":556,"minecraft:light_gray_shulker_box":2,"minecraft:torch":11,"minecraft:dirt":326,"minecraft:anvil":1,"minecraft:white_carpet":1,"minecraft:hopper":1,"minecraft:twisting_vines":3,"minecraft:diamond_helmet":1,"minecraft:shulker_box":3,"minecraft:oak_fence_gate":1,"minecraft:iron_axe":737,"minecraft:jungle_log":111,"minecraft:iron_boots":1,"minecraft:basalt":83,"minecraft:netherite_pickaxe":543,"minecraft:cooked_beef":1,"minecraft:cobbled_deepslate":94,"minecraft:water_bucket":111,"minecraft:glass_bottle":5,"minecraft:polished_blackstone_bricks":28,"minecraft:mossy_cobblestone":2,"minecraft:crafting_table":4,"minecraft:warped_planks":29,"minecraft:ender_eye":20,"minecraft:diamond_pickaxe":2052,"minecraft:oxeye_daisy":1,"minecraft:diamond_shovel":23,"minecraft:sunflower":1,"minecraft:iron_pickaxe":1086,"minecraft:netherite_axe":83,"minecraft:fishing_rod":5,"minecraft:cobblestone":273,"minecraft:cobbled_deepslate_slab":10,"minecraft:white_banner":11,"minecraft:cooked_porkchop":200,"minecraft:bucket":64,"minecraft:yellow_bed":2,"minecraft:stripped_oak_log":1,"minecraft:kelp":31},"minecraft:mined":{"minecraft:oak_sapling":14,"minecraft:cobblestone_stairs":25,"minecraft:jungle_leaves":7,"minecraft:brewing_stand":1,"minecraft:obsidian":15,"minecraft:granite":20,"minecraft:grass_block":31,"minecraft:jungle_log":4,"minecraft:cracked_polished_blackstone_bricks":17,"minecraft:soul_soil":7,"minecraft:nether_wart":10,"minecraft:oxeye_daisy":1,"minecraft:gilded_blackstone":1,"minecraft:spawner":1,"minecraft:polished_blackstone_bricks":36,"minecraft:tall_seagrass":29,"minecraft:magma_block":6,"minecraft:cobbled_deepslate":9,"minecraft:barrel":2,"minecraft:iron_ore":32,"minecraft:fire":12,"minecraft:deepslate_lapis_ore":11,"minecraft:twisting_vines":21,"minecraft:dirt_path":5,"minecraft:oak_stairs":392,"minecraft:white_banner":2,"minecraft:deepslate_redstone_ore":52,"minecraft:blackstone":29,"minecraft:kelp_plant":302,"minecraft:twisting_vines_plant":32,"minecraft:crimson_nylium":8,"minecraft:torch":5,"minecraft:poppy":1,"minecraft:chest":6,"minecraft:white_stained_glass_pane":10,"minecraft:nether_quartz_ore":24,"minecraft:cobblestone":512,"minecraft:oak_planks":239,"minecraft:sugar_cane":68,"minecraft:bricks":2,"minecraft:iron_door":20,"minecraft:wall_torch":7,"minecraft:seagrass":4,"minecraft:warped_nylium":4,"minecraft:nether_wart_block":1,"minecraft:warped_planks":1,"minecraft:warped_fungus":1,"minecraft:yellow_stained_glass_pane":10,"minecraft:oak_fence_gate":1,"minecraft:dark_oak_sapling":9,"minecraft:sand":63,"minecraft:dirt":27,"minecraft:netherrack":1374,"minecraft:oak_leaves":5,"minecraft:deepslate":615,"minecraft:nether_gold_ore":6,"minecraft:tuff":10,"minecraft:mossy_cobblestone":74,"minecraft:deepslate_diamond_ore":5,"minecraft:oak_door":20,"minecraft:end_stone":42,"minecraft:shulker_box":3,"minecraft:nether_bricks":116,"minecraft:cobbled_deepslate_slab":3,"minecraft:jungle_planks":28,"minecraft:crimson_roots":2,"minecraft:spruce_leaves":1,"minecraft:cartography_table":1,"minecraft:kelp":34,"minecraft:hay_block":37,"minecraft:oak_trapdoor":10,"minecraft:jungle_sapling":33,"minecraft:light_gray_shulker_box":2,"minecraft:andesite":14,"minecraft:bell":5,"minecraft:deepslate_iron_ore":14,"minecraft:vine":30,"minecraft:cobblestone_slab":2,"minecraft:rail":34,"minecraft:warped_stem":39,"minecraft:stone":112,"minecraft:bone_block":55,"minecraft:oak_slab":22,"minecraft:glass_pane":27,"minecraft:soul_sand":7,"minecraft:basalt":280,"minecraft:dandelion":3,"minecraft:oak_fence":29,"minecraft:crafting_table":3,"minecraft:cornflower":1,"minecraft:short_grass":116,"minecraft:warped_roots":1,"minecraft:purpur_pillar":2,"minecraft:tall_grass":21,"minecraft:deepslate_gold_ore":23,"minecraft:lapis_ore":3,"minecraft:polished_blackstone_brick_stairs":1,"minecraft:diorite":10,"minecraft:warped_wart_block":1,"minecraft:cobblestone_wall":3,"minecraft:birch_leaves":15,"minecraft:yellow_bed":2,"minecraft:coal_ore":20,"minecraft:cherry_leaves":1,"minecraft:sunflower":18,"minecraft:gravel":93,"minecraft:cracked_stone_bricks":3,"minecraft:stone_bricks":6,"minecraft:mossy_stone_bricks":2},"minecraft:killed":{"minecraft:zombified_piglin":2,"minecraft:witch":12,"minecraft:spider":3,"minecraft:shulker":15,"minecraft:skeleton":19,"minecraft:silverfish":1,"minecraft:piglin_brute":1,"minecraft:magma_cube":2,"minecraft:piglin":9,"minecraft:pig":2,"minecraft:zombie_villager":1,"minecraft:iron_golem":4,"minecraft:creeper":3,"minecraft:sheep":4,"minecraft:trader_llama":2,"minecraft:pillager":55,"minecraft:zombie":61,"minecraft:donkey":1,"minecraft:ghast":6,"minecraft:blaze":17,"minecraft:cow":4,"minecraft:evoker":4,"minecraft:vex":3,"minecraft:vindicator":21,"minecraft:horse":2,"minecraft:ravager":4,"minecraft:hoglin":1,"minecraft:villager":2,"minecraft:enderman":15},"minecraft:custom":{"minecraft:interact_with_crafting_table":21,"minecraft:open_shulker_box":71,"minecraft:bell_ring":35,"minecraft:leave_game":17,"minecraft:time_since_death":115730,"minecraft:sprint_one_cm":1962050,"minecraft:damage_blocked_by_shield":20437,"minecraft:drop":454,"minecraft:talked_to_villager":121,"minecraft:play_time":649109,"minecraft:deaths":4,"minecraft:jump":18915,"minecraft:interact_with_brewingstand":1,"minecraft:walk_on_water_one_cm":122071,"minecraft:enchant_item":24,"minecraft:interact_with_furnace":30,"minecraft:traded_with_villager":365,"minecraft:sleep_in_bed":4,"minecraft:open_enderchest":4,"minecraft:damage_dealt":109752,"minecraft:crouch_one_cm":96766,"minecraft:horse_one_cm":501,"minecraft:interact_with_smithing_table":5,"minecraft:mob_kills":296,"minecraft:interact_with_anvil":24,"minecraft:inspect_hopper":1,"minecraft:climb_one_cm":5272,"minecraft:walk_one_cm":1210881,"minecraft:damage_dealt_absorbed":29,"minecraft:raid_win":3,"minecraft:strider_one_cm":224556,"minecraft:sneak_time":30152,"minecraft:walk_under_water_one_cm":71719,"minecraft:boat_one_cm":112517,"minecraft:interact_with_blast_furnace":1,"minecraft:total_world_time":649109,"minecraft:raid_trigger":2,"minecraft:interact_with_grindstone":27,"minecraft:time_since_rest":115772,"minecraft:damage_taken":18263,"minecraft:damage_absorbed":498,"minecraft:swim_one_cm":283682,"minecraft:fly_one_cm":4539353,"minecraft:open_chest":274,"minecraft:fall_one_cm":620541}},"DataVersion":3953}