{"stats":{"minecraft:killed":{"minecraft:cave_spider":1,"minecraft:witch":10,"minecraft:spider":9,"minecraft:skeleton":27,"minecraft:piglin_brute":6,"minecraft:wolf":7,"minecraft:cat":2,"minecraft:magma_cube":3,"minecraft:piglin":13,"minecraft:zombie_villager":1,"minecraft:iron_golem":13,"minecraft:creeper":12,"minecraft:sheep":11,"minecraft:pillager":44,"minecraft:zombie":25,"minecraft:blaze":92,"minecraft:cow":54,"minecraft:evoker":11,"minecraft:vex":3,"minecraft:vindicator":42,"minecraft:phantom":1,"minecraft:horse":14,"minecraft:drowned":1,"minecraft:wandering_trader":1,"minecraft:ravager":7,"minecraft:hoglin":1,"minecraft:wither_skeleton":9,"minecraft:enderman":2},"minecraft:crafted":{"minecraft:ender_chest":1,"minecraft:jungle_button":220,"minecraft:grindstone":2,"minecraft:oak_planks":1900,"minecraft:chainmail_helmet":52,"minecraft:blaze_powder":232,"minecraft:stone":3,"minecraft:bookshelf":19,"minecraft:suspicious_stew":3,"minecraft:diamond_helmet":7,"minecraft:diamond_leggings":3,"minecraft:bow":8,"minecraft:iron_boots":27,"minecraft:chest":8,"minecraft:netherite_upgrade_smithing_template":22,"minecraft:stone_hoe":1,"minecraft:ender_eye":1,"minecraft:oak_slab":6,"minecraft:arrow":336,"minecraft:emerald":1836,"minecraft:cooked_porkchop":17,"minecraft:diamond_axe":7,"minecraft:crafting_table":3,"minecraft:spruce_planks":2020,"minecraft:jungle_boat":3,"minecraft:jungle_pressure_plate":64,"minecraft:smithing_table":1,"minecraft:fletching_table":9,"minecraft:brewing_stand":1,"minecraft:apple":64,"minecraft:lectern":1,"minecraft:book":55,"minecraft:wooden_hoe":1,"minecraft:paper":390,"minecraft:diamond_pickaxe":3,"minecraft:stick":91430,"minecraft:stone_slab":6,"minecraft:iron_ingot":489,"minecraft:iron_block":5,"minecraft:gold_ingot":589,"minecraft:netherite_ingot":10,"minecraft:composter":1,"minecraft:shears":1,"minecraft:golden_carrot":36,"minecraft:cookie":216,"minecraft:redstone":24,"minecraft:fishing_rod":3,"minecraft:experience_bottle":36,"minecraft:diamond_hoe":6,"minecraft:furnace":6,"minecraft:yellow_bed":2,"minecraft:bone_meal":78,"minecraft:oak_trapdoor":2,"minecraft:iron_axe":17,"minecraft:spruce_slab":6,"minecraft:diamond_boots":3,"minecraft:redstone_block":47,"minecraft:netherite_scrap":41,"minecraft:dark_oak_planks":12600,"minecraft:chainmail_leggings":36,"minecraft:glistering_melon_slice":36,"minecraft:wheat":486,"minecraft:cooked_beef":66,"minecraft:diamond_sword":4,"minecraft:enchanting_table":1,"minecraft:iron_sword":1,"minecraft:bucket":5,"minecraft:dark_oak_button":64,"minecraft:stone_axe":60,"minecraft:glowstone":18,"minecraft:enchanted_book":14,"minecraft:jungle_slab":12,"minecraft:bread":200,"minecraft:air":0,"minecraft:jungle_planks":29316,"minecraft:oak_boat":5,"minecraft:golden_apple":52,"minecraft:iron_shovel":1,"minecraft:anvil":2,"minecraft:white_bed":5,"minecraft:lapis_lazuli":24,"minecraft:diamond_chestplate":5},"minecraft:broken":{"minecraft:wooden_hoe":1},"minecraft:mined":{"minecraft:dark_oak_planks":2,"minecraft:white_bed":3,"minecraft:oak_sapling":31,"minecraft:cobblestone_stairs":11,"minecraft:jungle_leaves":5,"minecraft:brewing_stand":1,"minecraft:granite":5,"minecraft:grass_block":79,"minecraft:cracked_polished_blackstone_bricks":8,"minecraft:nether_wart":6,"minecraft:oxeye_daisy":2,"minecraft:spawner":1,"minecraft:smooth_stone":8,"minecraft:polished_blackstone_bricks":30,"minecraft:tall_seagrass":16,"minecraft:magma_block":75,"minecraft:glowstone":18,"minecraft:cobbled_deepslate":17,"minecraft:iron_ore":58,"minecraft:fire":34,"minecraft:fletching_table":1,"minecraft:deepslate_lapis_ore":9,"minecraft:dark_oak_stairs":1,"minecraft:azure_bluet":3,"minecraft:enchanting_table":1,"minecraft:water_cauldron":4,"minecraft:oak_stairs":117,"minecraft:spruce_slab":1,"minecraft:jungle_button":6,"minecraft:deepslate_redstone_ore":34,"minecraft:brown_mushroom":2,"minecraft:blackstone":48,"minecraft:kelp_plant":234,"minecraft:medium_amethyst_bud":1,"minecraft:crimson_nylium":4,"minecraft:amethyst_cluster":1,"minecraft:torch":1,"minecraft:blast_furnace":2,"minecraft:calcite":2,"minecraft:poppy":5,"minecraft:chest":8,"minecraft:mushroom_stem":1,"minecraft:nether_quartz_ore":559,"minecraft:cobblestone":257,"minecraft:sugar_cane":272,"minecraft:grindstone":6,"minecraft:oak_planks":166,"minecraft:damaged_anvil":1,"minecraft:iron_door":5,"minecraft:wall_torch":5,"minecraft:amethyst_block":5,"minecraft:seagrass":16,"minecraft:white_terracotta":31,"minecraft:warped_nylium":4,"minecraft:nether_wart_block":2,"minecraft:yellow_wool":6,"minecraft:stripped_oak_wood":1,"minecraft:oak_log":1,"minecraft:oak_fence_gate":2,"minecraft:dark_oak_sapling":3,"minecraft:dirt":27,"minecraft:smooth_basalt":2,"minecraft:netherrack":4717,"minecraft:ancient_debris":37,"minecraft:oak_leaves":1,"minecraft:deepslate":192,"minecraft:nether_gold_ore":140,"minecraft:tuff":6,"minecraft:mossy_cobblestone":21,"minecraft:deepslate_diamond_ore":58,"minecraft:shulker_box":4,"minecraft:nether_bricks":83,"minecraft:jungle_planks":5,"minecraft:crimson_roots":2,"minecraft:brown_mushroom_block":135,"minecraft:spruce_leaves":26,"minecraft:kelp":74,"minecraft:hay_block":21,"minecraft:oak_trapdoor":3,"minecraft:spruce_sapling":9,"minecraft:furnace":8,"minecraft:carrots":3,"minecraft:jungle_sapling":10,"minecraft:andesite":1,"minecraft:gold_block":22,"minecraft:bell":2,"minecraft:nether_brick_fence":9,"minecraft:bookshelf":4,"minecraft:potatoes":54,"minecraft:deepslate_iron_ore":181,"minecraft:vine":33,"minecraft:rail":4,"minecraft:stripped_oak_log":48,"minecraft:stone":33,"minecraft:white_wool":6,"minecraft:oak_slab":3,"minecraft:glass_pane":3,"minecraft:infested_stone_bricks":1,"minecraft:basalt":89,"minecraft:dandelion":20,"minecraft:oak_fence":14,"minecraft:crafting_table":4,"minecraft:cornflower":9,"minecraft:short_grass":219,"minecraft:lectern":23,"minecraft:tall_grass":19,"minecraft:deepslate_gold_ore":97,"minecraft:jungle_fence":1,"minecraft:white_wall_banner":1,"minecraft:yellow_bed":3,"minecraft:coal_ore":134,"minecraft:sunflower":30,"minecraft:gravel":224,"minecraft:cobweb":9,"minecraft:cracked_stone_bricks":1,"minecraft:stone_bricks":8,"minecraft:mossy_stone_bricks":4,"minecraft:gold_ore":3},"minecraft:picked_up":{"minecraft:nether_brick_fence":8,"minecraft:yellow_wool":6,"minecraft:diamond_sword":1,"minecraft:oak_stairs":134,"minecraft:brewing_stand":1,"minecraft:golden_sword":1,"minecraft:amethyst_block":5,"minecraft:polished_blackstone_brick_stairs":1,"minecraft:string":23,"minecraft:soul_soil":1,"minecraft:diamond_leggings":2,"minecraft:cobbled_deepslate":234,"minecraft:gold_nugget":1121,"minecraft:smooth_stone":16,"minecraft:bucket":3,"minecraft:calcite":2,"minecraft:netherite_upgrade_smithing_template":1,"minecraft:furnace":9,"minecraft:golden_helmet":1,"minecraft:tipped_arrow":3,"minecraft:stick":990,"minecraft:oak_fence":14,"minecraft:torch":24,"minecraft:porkchop":17,"minecraft:cauldron":4,"minecraft:stone_sword":4,"minecraft:rotten_flesh":33,"minecraft:iron_block":1,"minecraft:white_terracotta":28,"minecraft:blaze_rod":422,"minecraft:obsidian":16,"minecraft:cod":2,"minecraft:cobblestone":277,"minecraft:birch_log":14,"minecraft:enchanting_table":1,"minecraft:magma_block":56,"minecraft:cooked_beef":8,"minecraft:andesite":1,"minecraft:magma_cream":5,"minecraft:water_bucket":2,"minecraft:iron_door":5,"minecraft:jungle_log":6371,"minecraft:golden_leggings":1,"minecraft:potato":246,"minecraft:flint":21,"minecraft:tuff":4,"minecraft:wither_skeleton_skull":5,"minecraft:lapis_lazuli":42,"minecraft:dirt":170,"minecraft:bone":153,"minecraft:bow":1,"minecraft:wheat_seeds":31,"minecraft:raw_gold":149,"minecraft:bell":2,"minecraft:grindstone":6,"minecraft:mossy_stone_bricks":4,"minecraft:fletching_table":1,"minecraft:glowstone_dust":64,"minecraft:oak_planks":160,"minecraft:cooked_porkchop":42,"minecraft:jungle_planks":39,"minecraft:dark_oak_log":4815,"minecraft:barrel":2,"minecraft:shulker_box":5,"minecraft:mossy_cobblestone":25,"minecraft:snout_armor_trim_smithing_template":1,"minecraft:sugar":7,"minecraft:diamond":83,"minecraft:cracked_polished_blackstone_bricks":23,"minecraft:crossbow":12,"minecraft:granite":5,"minecraft:golden_apple":8,"minecraft:chainmail_helmet":1,"minecraft:bread":1,"minecraft:golden_horse_armor":1,"minecraft:emerald":282,"minecraft:oak_sapling":129,"minecraft:netherrack":2614,"minecraft:crimson_roots":1,"minecraft:diamond_pickaxe":2,"minecraft:fishing_rod":1,"minecraft:crafting_table":4,"minecraft:azure_bluet":4,"minecraft:ominous_bottle":5,"minecraft:nether_wart":20,"minecraft:leather_leggings":1,"minecraft:brown_mushroom":73,"minecraft:gold_block":22,"minecraft:cornflower":15,"minecraft:oak_trapdoor":3,"minecraft:iron_axe":11,"minecraft:netherite_scrap":1,"minecraft:iron_shovel":1,"minecraft:blackstone":68,"minecraft:cracked_stone_bricks":1,"minecraft:cartography_table":1,"minecraft:beef":172,"minecraft:oak_boat":9,"minecraft:jungle_sapling":664,"minecraft:poppy":38,"minecraft:spruce_slab":1,"minecraft:lectern":23,"minecraft:sugar_cane":507,"minecraft:blue_shulker_box":1,"minecraft:chest":5,"minecraft:birch_sapling":7,"minecraft:dark_oak_sapling":478,"minecraft:raw_iron":484,"minecraft:oak_door":6,"minecraft:fire_charge":2,"minecraft:polished_blackstone_bricks":35,"minecraft:carrot":19,"minecraft:redstone":284,"minecraft:dark_oak_planks":13,"minecraft:arrow":81,"minecraft:stone_shovel":1,"minecraft:nether_bricks":81,"minecraft:diamond_boots":3,"minecraft:hay_block":27,"minecraft:saddle":7,"minecraft:gold_ingot":3,"minecraft:totem_of_undying":18,"minecraft:mutton":34,"minecraft:rail":38,"minecraft:white_wool":17,"minecraft:oxeye_daisy":3,"minecraft:stripped_oak_log":43,"minecraft:basalt":94,"minecraft:leather":106,"minecraft:jungle_fence":1,"minecraft:filled_map":2,"minecraft:oak_log":447,"minecraft:ancient_debris":42,"minecraft:jungle_button":153,"minecraft:nether_wart_block":3,"minecraft:yellow_bed":3,"minecraft:gunpowder":52,"minecraft:cobblestone_stairs":15,"minecraft:white_banner":30,"minecraft:apple":84,"minecraft:stone_bricks":8,"minecraft:kelp":304,"minecraft:oak_fence_gate":2,"minecraft:iron_ingot":110,"minecraft:stripped_oak_wood":1,"minecraft:glass_bottle":16,"minecraft:book":12,"minecraft:oak_slab":5,"minecraft:smooth_basalt":2,"minecraft:quartz":506,"minecraft:dandelion":29,"minecraft:gravel":239,"minecraft:amethyst_shard":5,"minecraft:spruce_sapling":135,"minecraft:blast_furnace":2,"minecraft:white_bed":3,"minecraft:spruce_log":677,"minecraft:spider_eye":10,"minecraft:stone_axe":2,"minecraft:chainmail_leggings":4,"minecraft:lodestone":1,"minecraft:damaged_anvil":1,"minecraft:warped_nylium":4,"minecraft:coal":349,"minecraft:sunflower":39,"minecraft:ender_pearl":9},"minecraft:dropped":{"minecraft:iron_sword":2,"minecraft:brown_mushroom":7,"minecraft:soul_sand":5,"minecraft:diamond_axe":2,"minecraft:ominous_bottle":1,"minecraft:cooked_beef":7,"minecraft:oak_log":19,"minecraft:glass_bottle":16,"minecraft:crafting_table":1,"minecraft:dark_oak_sapling":524,"minecraft:cooked_porkchop":21,"minecraft:crossbow":13,"minecraft:netherite_upgrade_smithing_template":5,"minecraft:warped_roots":8,"minecraft:dark_oak_button":64,"minecraft:cracked_stone_bricks":1,"minecraft:jungle_planks":95,"minecraft:fletching_table":2,"minecraft:rail":4,"minecraft:cod":2,"minecraft:emerald":33,"minecraft:cobblestone_stairs":15,"minecraft:cracked_polished_blackstone_bricks":22,"minecraft:dirt":38,"minecraft:dark_oak_log":66,"minecraft:jungle_button":124,"minecraft:polished_blackstone_brick_stairs":1,"minecraft:cornflower":12,"minecraft:mutton":34,"minecraft:crimson_roots":1,"minecraft:snout_armor_trim_smithing_template":1,"minecraft:chain":7,"minecraft:jungle_sapling":761,"minecraft:gilded_blackstone":2,"minecraft:gold_nugget":147,"minecraft:sunflower":40,"minecraft:iron_pickaxe":1,"minecraft:polished_blackstone_bricks":33,"minecraft:sugar":10,"minecraft:dark_oak_planks":1,"minecraft:birch_log":14,"minecraft:fishing_rod":3,"minecraft:white_wool":2,"minecraft:bone":17,"minecraft:oak_door":6,"minecraft:gravel":75,"minecraft:blackstone":67,"minecraft:stone_axe":62,"minecraft:sugar_cane":8,"minecraft:ancient_debris":1,"minecraft:twisting_vines":38,"minecraft:cobbled_deepslate":26,"minecraft:wheat":156,"minecraft:birch_sapling":7,"minecraft:rotten_flesh":33,"minecraft:oak_planks":56,"minecraft:glowstone_dust":7,"minecraft:nether_brick_fence":4,"minecraft:azure_bluet":4,"minecraft:poppy":31,"minecraft:oak_fence_gate":2,"minecraft:tipped_arrow":3,"minecraft:gunpowder":2,"minecraft:chest":1,"minecraft:leather_leggings":1,"minecraft:basalt":217,"minecraft:arrow":329,"minecraft:beef":33,"minecraft:quartz":515,"minecraft:netherrack":3021,"minecraft:enchanted_book":3,"minecraft:lectern":1,"minecraft:stone_hoe":1,"minecraft:water_bucket":1,"minecraft:golden_boots":1,"minecraft:bread":105,"minecraft:oak_slab":9,"minecraft:wheat_seeds":42,"minecraft:golden_helmet":1,"minecraft:mossy_cobblestone":25,"minecraft:golden_horse_armor":1,"minecraft:diamond_leggings":1,"minecraft:oak_fence":14,"minecraft:iron_helmet":2,"minecraft:cobblestone":114,"minecraft:apple":2,"minecraft:amethyst_block":5,"minecraft:granite":5,"minecraft:music_disc_pigstep":1,"minecraft:chainmail_helmet":53,"minecraft:golden_apple":26,"minecraft:stick":311,"minecraft:oxeye_daisy":4,"minecraft:jungle_slab":5,"minecraft:lodestone":1,"minecraft:nether_wart_block":1,"minecraft:diamond_helmet":1,"minecraft:iron_leggings":1,"minecraft:oak_stairs":134,"minecraft:white_banner":23,"minecraft:iron_axe":28,"minecraft:jungle_boat":6,"minecraft:smooth_stone":16,"minecraft:iron_shovel":2,"minecraft:chainmail_leggings":40,"minecraft:paper":1,"minecraft:string":10,"minecraft:spruce_sapling":94,"minecraft:bucket":2,"minecraft:smooth_basalt":2,"minecraft:dandelion":28,"minecraft:redstone":29,"minecraft:jungle_pressure_plate":64,"minecraft:kelp":304,"minecraft:warped_nylium":18,"minecraft:soul_soil":1,"minecraft:oak_trapdoor":3,"minecraft:netherite_ingot":4,"minecraft:stone_sword":4,"minecraft:blaze_rod":52,"minecraft:diamond_hoe":6,"minecraft:tuff":4,"minecraft:stone_shovel":1,"minecraft:iron_boots":28,"minecraft:stone_slab":4,"minecraft:white_terracotta":28,"minecraft:totem_of_undying":11,"minecraft:nether_bricks":20,"minecraft:diamond_sword":1,"minecraft:potato":157,"minecraft:diamond_chestplate":2,"minecraft:diamond_pickaxe":2,"minecraft:iron_chestplate":2,"minecraft:mossy_stone_bricks":4,"minecraft:andesite":1,"minecraft:golden_leggings":1,"minecraft:oak_boat":1,"minecraft:oak_sapling":114,"minecraft:stone_bricks":6,"minecraft:spider_eye":5,"minecraft:diamond_boots":2,"minecraft:bow":2,"minecraft:calcite":2,"minecraft:magma_block":56},"minecraft:custom":{"minecraft:animals_bred":8,"minecraft:interact_with_crafting_table":99,"minecraft:open_shulker_box":227,"minecraft:bell_ring":63,"minecraft:leave_game":20,"minecraft:time_since_death":3169,"minecraft:sprint_one_cm":2336019,"minecraft:damage_blocked_by_shield":7578,"minecraft:drop":769,"minecraft:talked_to_villager":437,"minecraft:play_time":603566,"minecraft:deaths":1,"minecraft:jump":15494,"minecraft:walk_on_water_one_cm":51799,"minecraft:enchant_item":66,"minecraft:interact_with_furnace":171,"minecraft:traded_with_villager":2268,"minecraft:sleep_in_bed":29,"minecraft:open_enderchest":2,"minecraft:damage_dealt":169952,"minecraft:crouch_one_cm":97842,"minecraft:interact_with_smithing_table":1,"minecraft:mob_kills":435,"minecraft:interact_with_anvil":40,"minecraft:climb_one_cm":5742,"minecraft:walk_one_cm":1225758,"minecraft:raid_win":3,"minecraft:sneak_time":32180,"minecraft:walk_under_water_one_cm":47583,"minecraft:boat_one_cm":172004,"minecraft:total_world_time":603566,"minecraft:raid_trigger":1,"minecraft:interact_with_grindstone":62,"minecraft:time_since_rest":3288,"minecraft:damage_taken":13344,"minecraft:damage_absorbed":122,"minecraft:swim_one_cm":158097,"minecraft:fly_one_cm":3016820,"minecraft:open_chest":824,"minecraft:fall_one_cm":461511},"minecraft:used":{"minecraft:nether_brick_fence":4,"minecraft:iron_shovel":347,"minecraft:spruce_slab":7,"minecraft:poppy":4,"minecraft:chest":12,"minecraft:shield":80,"minecraft:iron_sword":725,"minecraft:bell":3,"minecraft:iron_chestplate":3,"minecraft:jungle_planks":3,"minecraft:nether_bricks":64,"minecraft:carrot":22,"minecraft:azure_bluet":1,"minecraft:jungle_sapling":31,"minecraft:lava_bucket":7,"minecraft:iron_helmet":2,"minecraft:netherite_boots":3,"minecraft:bow":244,"minecraft:hay_block":1,"minecraft:ominous_bottle":1,"minecraft:jungle_button":249,"minecraft:blue_shulker_box":1,"minecraft:oak_sapling":14,"minecraft:furnace":14,"minecraft:potato":94,"minecraft:dark_oak_sapling":24,"minecraft:damaged_anvil":2,"minecraft:diamond_boots":5,"minecraft:jungle_fence":1,"minecraft:oak_planks":271,"minecraft:blackstone":1,"minecraft:ender_pearl":1,"minecraft:composter":1,"minecraft:diamond_axe":514,"minecraft:sugar_cane":48,"minecraft:golden_apple":3,"minecraft:blast_furnace":2,"minecraft:crossbow":1,"minecraft:shears":12,"minecraft:dark_oak_log":1,"minecraft:lectern":23,"minecraft:gravel":164,"minecraft:diamond_sword":1541,"minecraft:nether_wart_block":2,"minecraft:fire_charge":1,"minecraft:grindstone":7,"minecraft:smithing_table":1,"minecraft:oak_boat":12,"minecraft:bone_meal":78,"minecraft:experience_bottle":37,"minecraft:oak_trapdoor":2,"minecraft:enchanting_table":2,"minecraft:flint_and_steel":15,"minecraft:spruce_planks":1,"minecraft:ender_chest":1,"minecraft:stone_hoe":21,"minecraft:netherrack":384,"minecraft:torch":20,"minecraft:brewing_stand":1,"minecraft:dirt":133,"minecraft:anvil":3,"minecraft:diamond_helmet":10,"minecraft:shulker_box":5,"minecraft:bookshelf":18,"minecraft:iron_axe":130,"minecraft:jungle_log":89,"minecraft:iron_boots":1,"minecraft:diamond_chestplate":6,"minecraft:basalt":70,"minecraft:glowstone":18,"minecraft:golden_carrot":20,"minecraft:cooked_beef":65,"minecraft:cobbled_deepslate":156,"minecraft:powder_snow_bucket":1,"minecraft:iron_leggings":3,"minecraft:water_bucket":84,"minecraft:fletching_table":8,"minecraft:polished_blackstone_bricks":2,"minecraft:crafting_table":6,"minecraft:white_bed":8,"minecraft:wooden_hoe":74,"minecraft:diamond_pickaxe":4915,"minecraft:cornflower":3,"minecraft:sunflower":3,"minecraft:iron_pickaxe":2203,"minecraft:spruce_sapling":41,"minecraft:fishing_rod":1,"minecraft:cobblestone":38,"minecraft:white_banner":5,"minecraft:cooked_porkchop":96,"minecraft:bucket":92,"minecraft:yellow_bed":5,"minecraft:dandelion":6,"minecraft:diamond_leggings":4}},"DataVersion":3953}